"","Name","Center/Office","Org Abbreviation","Organization","Suborganization","Role","Lvl","Depth"
"1","Adam Biales","CCTE","CCTE-GLTED-MIB","Great Lakes Ecology","GLTED-Molecular Indicators Branch","Branch Chief",1,3
"2","Alan Thornhill","CPHEA","CPHEA-PESD-IO","Pacific Ecological Systems","PESD-Immediate Office","Division Director",1,3
"3","Alan Vette","CEMM","CEMM-AESMD-IO","Atmospheric & Environmental Systems Modeling","AESMD-Immediate Office","Division Director",2,2
"4","Alice Gilliland","CEMM","CEMM-IO","CEMM Immediate Office","CEMM Immediate Office","Deputy Center Director",2,2
"5","Amar Singh","CCTE","CCTE-SCDCD-IO","Scientific Computing & Data Curation","SCDCD-Immediate Office","Division Director",2,2
"6","Amy Fox","ORM","ORM-HCD-HRCSB","Human Capital","HCD-HR Customer Support Branch","Branch Chief",1,3
"7","Ana Rappold","CPHEA","CPHEA-PHITD-CRB","Public Health & Integrated Toxicology","PHITD-Clinical Research Branch","Branch Chief",1,3
"8","Andre Reinhart","ORM","ORM-EMD-CMB","Extramural Management","EMD-Contracts Management Branch","Branch Chief",1,3
"9","Andrew Hotchkiss","CPHEA","CPHEA-HEEAD-HPSAB","Health & Environmental Effects Assessment","HEEAD-Hazardous Pollutant & Systems Assessment Branch","Branch Chief",1,3
"10","Andy Gillespie","CEMM","CEMM-IO","CEMM Immediate Office","CEMM Immediate Office","Associate Center Director",NA,NA
"11","Angela Hadley","ORM","ORM-RSCD-IO","Research Support & Compliance","RSCD-Immediate Office","Division Director",1,3
"12","Ann Keeley","CESER","CESER-GCRD-IO","Groundwater Characterization & Remediation","GCRD-Immediate Office","Division Director",NA,NA
"13","Annette Guiseppe-Elie","CCTE","CCTE-IO","CCTE Immediate Office","CCTE Immediate Office","Associate Center Director",3,1
"14","Ashley Ramsey","ORM","ORM-PBD-TSB","Planning & Budget","PBD-Travel Services Branch","Branch Chief",3,1
"15","Barbara Bergen","CEMM","CEMM-ACESD-EEB","Atlantic Ecology","ACESD-Ecological Effects Branch","Branch Chief",1,3
"16","Barbara Glenn","CPHEA","CPHEA-CPAD-SAMB","Chemical & Pollutant Assessment","CPAD-Science Assessment Methods Branch","Branch Chief",1,3
"17","Beth George","CEMM","CEMM-GEMMD-IO","Gulf Ecology","GEMMD-Immediate Office","Division Director",2,2
"18","Beth Owens","CPHEA","CPHEA-CPAD-TEAB/C","Chemical & Pollutant Assessment","CPAD-Toxic Effects Assessment Branch - Cincinnati","Branch Chief",1,3
"19","Betty Kreakie","CEMM","CEMM-ACESD-WEDB","Atlantic Ecology","ACESD-Watershed & Estuarine Diagnostics Branch","Branch Chief",1,3
"20","Bhagya Subrsmanian","OSIM","OSIM-CISD","Customer & Infrastructure Support","OSIM-CISD Overall","Deputy Division Director",2,2
"21","Bill Fisher","CEMM","CEMM-IO","CEMM Immediate Office","CEMM Immediate Office","Associate Center Director",3,1
"22","Bill Russo","CPHEA","CPHEA-IO","CPHEA Immediate Office","CPHEA Immediate Office","Chief of Staff",3,1
"23","Brent Johnson","CEMM","CEMM-WECD-ECB","Watershed & Ecosystem Characterization","WECD-Ecosystem Condition Branch","Branch Chief",1,3
"24","Brian Kleinman","CESER","CESER-IO","CESER Immediate Office","CESER Immediate Office","Chief of Staff",3,1
"25","Brian Schumacher","CEMM","CEMM-EPD-IO","Ecosystems Processes","EPD-Immediate Office","Division Director",2,2
"26","Britta Bierwagen","CPHEA","CPHEA-HEEAD-IEAB/D","Health & Environmental Effects Assessment","HEEAD-Integrated Environmental Assessment Branch (DC)","Branch Chief",1,3
"27","Bruce Rodan","IOAA","IOAA","Immediate Office of the Assistant Administrator","Immediate Office of the Assistant Administrator","Associate Director for Science",4,0
"28","Bryan Hubbell","IOAA","IOAA","Immediate Office of the Assistant Administrator","Immediate Office of the Assistant Administrator","National Program Director",4,0
"29","Caroline Stevens","CEMM","CEMM-EPD-CPSB","Ecosystem Processes","EPD-Chemical Processes & Systems Branch","Branch Chief",1,3
"30","Carolyn Hubbard","IOAA","IOAA","Immediate Office of the Assistant Administrator","Immediate Office of the Assistant Administrator","Communications Director",4,0
"31","Chris Robbins","IOAA","IOAA","Immediate Office of the Assistant Administrator","Immediate Office of the Assistant Administrator","DAA for Management",4,0
"32","Chris Saint","ORM","ORM-RSCD-FRCB","Research Support & Compliance","RSCD-Facilities & Research Compliance Branch","Branch Chief",NA,NA
"33","Chris Weaver","CPHEA","CPHEA-HEEAD-IEAB/R","Health & Environmental Effects Assessment","HEEAD-Integrated Environmental Assessment Branch (RTP)","Branch Chief",1,3
"34","Claudette Mitchell","CEMM","CEMM-IO","CEMM Immediate Office","CEMM Immediate Office","Chief of Staff",3,1
"35","Dale Hoff","CCTE","CCTE-GLTED-IO","Great Lakes Ecology","GLTED-Immediate Office","Division Director",3,1
"36","Dale Perry","IOAA","IOAA","Immediate Office of the Assistant Administrator","Immediate Office of the Assistant Administrator","Associate Chief of Staff",4,0
"37","Dan Chang","CCTE","CCTE-CCED-CCCB","Chemical Characterization & Exposure","CCED-Computational Chemistry & Cheminformatics Branch","Branch Chief",1,3
"38","Dannelle Lobdell","CPHEA","CPHEA-PHESD-EB","Public Health & Environmental Systems","PHESD-Epidemiology Branch","Branch Chief",NA,NA
"39","David Bolgrien","CCTE","CCTE-GLTED-WWRB","Great Lakes Ecology","GLTED-Watersheds & Water Resource Branch","Branch Chief",1,3
"40","David Burden","CESER","CESER-GCRD-TSERB","Groundwater Characterization & Remediation","GCRD-Technical Support & Environmental Restoration Branch","Branch Chief",1,3
"41","David Diaz-Sanchez","CPHEA","CPHEA-PHITD-IO","Public Health & Integrated Toxicology","PHITD-Immediate Office","Division Director",2,2
"42","David Dunlap","IOAA","IOAA","Immediate Office of the Assistant Administrator","Immediate Office of the Assistant Administrator","DAA for Science Policy",4,0
"43","Deb Heckman","ORM","ORM-IO","ORM Immediate Office","ORM Immediate Office","Deputy Office Director",NA,NA
"44","Dennis Timberlake","CESER","CESER-LRTD-CSSB","Land Remediation & Technology","LRTD-Contaminated Sites & Sediments Branch","Branch Chief",1,3
"45","Donna Schwede","CEMM","CEMM-AESMD-ACAB","Atmospheric & Environmental Systems Modeling","AESMD-Atmospheric Chemistry & Aerosols Branch","Branch Chief",1,3
"46","Doug McKinney","ORM","ORM-PBD-IO","Planning & Budget","PBD-Immediate Office","Division Director",2,2
"47","Elin Ulrich","CCTE","CCTE-CCED-AACMB","Chemical Characterization & Exposure","CCED-Advanced Analytical Chemistry Methods Branch","Branch Chief",1,3
"48","Emily Snyder","CESER","CESER-HSMMD-STMMB","Homeland Security & Materials Management","HSMMD-Systems Tools & Materials Management Branch","Branch Chief",1,3
"49","Eric Burman","ORM","ORM-PBD-BFSB","Planning & Budget","PBD-Budget Formulation & Support Branch","Branch Chief",1,3
"50","Eric Hubbell","CESER","CESER-IO","CESER Immediate Office","CESER Immediate Office","Deputy Center Director",3,1
"51","Eric Villegas","CEMM","CEMM-WECD-BMB","Watershed & Ecosystem Characterization","WECD-Biological Measurements Branch","Branch Chief",1,3
"52","Eunice Varughese","CESER","CESER-WID-BCB","Water Infrastructure","WID-Biological Contaminants Branch","Branch Chief",1,3
"53","Fred Hauchman","IOAA","IOAA","Immediate Office of the Assistant Administrator","Immediate Office of the Assistant Administrator","National Program Manager",NA,NA
"54","Gene Stroup","CEMM","CEMM-IO-RPIS","CEMM Immediate Office","CEMM IO - Research Planning & Implementation Staff","RPIS Chief",1,3
"55","Gerald Brunson","CEMM","CEMM-EPD-IO","Ecosystems Processes","EPD-Immediate Office","POS Chief",1,3
"56","Glenda Noel","OSIM","OSIM-IO","OSIM Immediate Office","OSIM Immediate Office","Chief of Staff",3,1
"57","Greg Sayles","CESER","CESER-IO","CESER Immediate Office","CESER Immediate Office","Center Director",3,1
"58","Heather Cursio","ORM","ORM-IAD","Improvement & Accountability Division","IAD-Immediate Office","Division Director",2,2
"59","Ian Gilmour","CPHEA","CPHEA-PHITD-CIB","Public Health & Integrated Toxicology","PHITD-Cardiopulmonary & Immunotoxicology Branch","Branch Chief",1,3
"60","Jackie Rosati","CEMM","CEMM-AESMD-ESAB","Atmospheric & Environmental Systems Modeling","AESMD-Emissions Systems Analysis Branch","Branch Chief",NA,NA
"61","James Gentry","OSAPE","OSAPE-IO","OSAPE Immediate Office","OSAPE Immediate Office","Chief of Staff",3,1
"62","Jane Ellen Simmons","CPHEA","CPHEA-HEEAD-IHAB","Health & Environmental Effects Assessment","HEEAD-Integrated Health Assessment Branch","Branch Chief",1,3
"63","Janet Nestlerode","CEMM","CEMM-GEMMD-BEPRB","Gulf Ecology","GEMMD-Biological Effects & Population Response Branch","Branch Chief",1,3
"64","Janice Lee","CPHEA","CPHEA-CPAD-TEAB/R","Chemical & Pollutant Assessment","CPAD-Toxic Effects Assessment Branch - RTP","Branch Chief",1,3
"65","Jeanne Scott","CEMM","CEMM-GEMMD-IO","Gulf Ecology","GEMMD-Immediate Office","POS Chief",1,3
"66","Jeff Fristhen","IOAA","IOAA","Immediate Office of the Assistant Administrator","Immediate Office of the Assistant Administrator","National Program Director",NA,NA
"67","Jeff Sutton","CPHEA","CPHEA-IO-POS","CPHEA Immediate Office","CPHEA IO - Program Ops Staff","POS Chief",3,1
"68","Jeff Szabo","CESER","CESER-HSMMD-WAIDB","Homeland Security & Materials Management","HSMMD-Wide-Area & Infrastructure Decontamination Branch","Branch Chief",1,3
"69","Jeffrey Morgan","CESER","CESER-WID-CMTB","Water Infrastructure","WID-Chemical Methods & Treatment Branch","Branch Chief",1,3
"70","Jennifer Orme-Zavaleta","IOAA","IOAA","Immediate Office of the Assistant Administrator","Immediate Office of the Assistant Administrator","Principle DAA for Science",4,0
"71","Jeremy Dunne","CCTE","CCTE-SCDCD-ADB","Scientific Computing & Data Curation","SCDCD-Application Development Branch","Branch Chief",1,3
"72","Jerry Blancato","OSIM","OSIM-IO","OSIM Immediate Office","OSIM Immediate Office","Office Director",3,1
"73","Jim Markwiese","CPHEA","CPHEA-PESD-EEB","Pacific Ecological Systems","PESD-Ecology Effects Branch","Branch Chief",NA,NA
"74","Joel Hoffman","CCTE","CCTE-GLTED-ESB","Great Lakes Ecology","GLTED-Ecosystem Services Branch","Branch Chief",1,3
"75","John Cowden","CCTE","CCTE-BCTD-CTBB","Biomolecular & Computational Toxicology","BCTD-Computational Toxicology & Bioinformatics Branch","Branch Chief",1,3
"76","John Johnston","CEMM","CEMM-EPD-LASMB","Ecosystem Processes","EPD-Landscape & Aquatic Systems Modeling Branch","Branch Chief",1,3
"77","John Mckernan","CESER","CESER-LRTD-ECTB","Land Remediation & Technology","LRTD-Emerging Contaminants & Technologies Branch","Branch Chief",NA,NA
"78","John Steenbock","ORM","ORM-IO","ORM Immediate Office","ORM Immediate Office","Office Director",3,1
"79","John Sykes","OSIM","OSIM-IO","OSIM Immediate Office","OSIM Immediate Office","Deputy Office Director",3,1
"80","John Vandenberg","CPHEA","CPHEA-HEEAD-IO","Health & Environmental Effects Assessment","HEEAD-Immediate Office","Division Director",2,2
"81","Jonathan Pressman","CESER","CESER-WID-DWMB","Water Infrastructure","WID-Drinking Water Management Branch","Branch Chief",1,3
"82","Kacee Deener","OSAPE","OSAPE-IO","OSAPE Immediate Office","OSAPE Immediate Office","Deputy Office Director",3,1
"83","Katherine Saterson","CPHEA","CPHEA-IO-RPIS","CPHEA Immediate Office","CPHEA IO - Research Planning & Implementation Staff","RPIS Chief",3,1
"84","Kathie Dionisio","CCTE","CCTE-SCDCD-DEQEB","Scientific Computing & Data Curation","SCDCD-Data Extraction & Quality Evaluation Branch","Branch Chief",1,3
"85","Kathryn Barton","ORM","ORM-EMD-SAB","Extramural Management","EMD-Simplified Acquisitions Branch","Branch Chief",NA,NA
"86","Kay Holt","CPHEA","CPHEA-IO","CPHEA Immediate Office","CPHEA Immediate Office","Deputy Center Director",3,1
"87","Kelly Dipolt","CESER","CESER-TSCD","Technical Support & Coordination","TSCD-Technical Support & Coordination Division","Division Director",2,2
"88","Kerry Loar","ORM","ORM-PBD-BE/RTPB","Planning & Budget","PBD-Budget Execution RTP Branch","Branch Chief",1,3
"89","Kirk Scheckel","CESER","CESER-LRTD-IO","Land Remediation & Technology","LRTD-Immediate Office","Division Director",2,2
"90","Kris Thayer","CPHEA","CPHEA-CPAD-IO","Chemical & Pollutant Assessment","CPAD-Immediate Office","Division Director",NA,NA
"91","Lara Phelps","CEMM","CEMM-AMCD-IO","Air Methods & Characterization","AMCD-Immediate Office","Division Director",2,2
"92","Lindsay Stanek","CPHEA","CPHEA-PHESD-EIB","Public Health & Environmental Systems","PHESD-Exposure Indicators Branch","Branch Chief",1,3
"93","Lisa Baxter","CPHEA","CPHEA-PHESD-IO","Public Health & Environmental Systems","PHESD-Immediate Office","Division Director",2,2
"94","Lisa Smith","CEMM","CEMM-GEMMD-EAB","Gulf Ecology","GEMMD-Ecosystem Assessment Branch","Branch Chief",1,3
"95","Liz Blackburn","IOAA","IOAA","Immediate Office of the Assistant Administrator","Immediate Office of the Assistant Administrator","Chief of Staff",NA,NA
"96","Lou D'Amico","IOAA","IOAA","Immediate Office of the Assistant Administrator","Immediate Office of the Assistant Administrator","Sr Science Advisor",4,0
"97","Lynn Flowers","OSAPE","OSAPE-IO","OSAPE Immediate Office","OSAPE Immediate Office","Associate Office Director",2,2
"98","Maggie Lavay","OSAPE","OSAPE-ERPD-IO","Extramural Research & Partnerships","ERPD Immediate Office","Division Director",NA,NA
"99","Marguerite Kosoff","CPHEA","CPHEA-PESD-IO","Pacific Ecological Systems","PESD-Immediate Office","POS Chief",1,3
"100","Maria Doa","OSAPE","OSAPE-SPD-IO","Science Policy","SPD Immediate Office","Division Director",2,2
"101","Mark Bagley","CEMM","CEMM-WECD-IO","Watershed & Ecosystem Characterization","WECD-Immediate Office","Division Director",2,2
"102","Mark Higuchi","CPHEA","CPHEA-PHITD-ITFB","Public Health & Integrated Toxicology","PHITD-Inhalation Toxicological Facilities Branch","Branch Chief",1,3
"103","Mark McPherson","IOAA","IOAA","Immediate Office of the Assistant Administrator","Immediate Office of the Assistant Administrator","Sr Advisor",4,0
"104","Martin Lawrence","OSAPE","OSAPE-SPD-SAB","Science Policy","SPD-Science Advisory Branch","Branch Chief",1,3
"105","Marty Chintala","CEMM","CEMM-ACESD-EMRB","Atlantic Ecology","ACESD-Ecosystem Management & Restoration Branch","Branch Chief",NA,NA
"106","Mary Hautajarvi","CCTE","CCTE-GLTED-IO","Great Lakes Ecology","GLTED-Immediate Office","POS Chief",1,3
"107","Mary Ross","OSAPE","OSAPE-IO","OSAPE Immediate Office","OSAPE Immediate Office","Office Director",2,2
"108","Matthew Hopton","CESER","CESER-WID-SMB","Water Infrastructure","WID-Stormwater Management Branch","Branch Chief",1,3
"109","Maureen Gwinn","CCTE","CCTE-BCTD-IO","Biomolecular & Computational Toxicology","BCTD-Immediate Office","Division Director",2,2
"110","Megan Mehaffey","CPHEA","CPHEA-PHESD-EPMB","Public Health & Environmental Systems","PHESD-Environmental Pathways Modeling Branch","Branch Chief",1,3
"111","Michael Boucher","ORM","ORM-EMD-EPCB","Extramural Management","EMD-Extramural Planning & Coordination Branch","Branch Chief",3,1
"112","Michael Gonzalez","CESER","CESER-LRTD-EDAB","Land Remediation & Technology","LRTD-Environmental Decision Analytics Branch","Branch Chief",1,3
"113","Michael Hornung","CCTE","CCTE-GLTED-TTB","Great Lakes Ecology","GLTED-Translational Toxicology Branch","Branch Chief",1,3
"114","Mike Devito","CCTE","CCTE-CCED-IO","Chemical Characterization & Exposure","CCED-Immediate Office","Division Director",2,2
"115","Mike Elovitz","CEMM","CEMM-WECD-WMB","Watershed & Ecosystem Characterization","WECD-Watershed Management Branch","Branch Chief",1,3
"116","Mike Hiscock","OSAPE","OSAPE-ERPD-ERB","Extramural Research & Partnerships","ERPD-Extramural Research Branch","Branch Chief",NA,NA
"117","Mike Hughes","CCTE","CCTE-CCED-ETTB","Chemical Characterization & Exposure","CCED-Experimental Toxicokinetics & Toxicodynamics Branch","Branch Chief",1,3
"118","Mike McDowell","OSIM","OSIM-CISD","Customer & Infrastructure Support","OSIM-CISD Overall","Division Director",2,2
"119","Mike Slimak","IOAA","IOAA","Immediate Office of the Assistant Administrator","Immediate Office of the Assistant Administrator","National Program Director",4,0
"120","Missy Milbeck","CCTE","CCTE-IO","CCTE Immediate Office","CCTE Immediate Office","Chief of Staff",3,1
"121","Monica Linnenbrink","CCTE","CCTE-IO-RPIS","CCTE Immediate Office","CCTE IO - Research Planning & Implementation Staff","RPIS Chief",3,1
"122","Myriam Medina-Vera","CEMM","CEMM-WECD-MMB","Watershed & Ecosystem Characterization","WECD-Multimedia Methods Branch","Branch Chief",2,2
"123","Nancy Broom","OSIM","OSIM-CISD","Customer & Infrastructure Support","OSIM-CISD Overall","Deputy Division Director",3,1
"124","Naneka Mason","ORM","ORM-PBD-BE/CDCB","Planning & Budget","PBD-Budget Execution Cincinnati/DC Branch","Branch Chief",1,3
"125","Pat Vaughan","ORM","ORM-HCD-IO","Human Capital","HCD-Immediate Office","Division Director",2,2
"126","Patricia Palmer","ORM","ORM-EMD-PFTTB","Extramural Management","EMD-Partnerships, Fellowships & Technology Transfer Branch","Branch Chief",1,3
"127","Paul Ringold","CPHEA","CPHEA-PESD-FEB","Pacific Ecological Systems","PESD-Freshwater Ecology Branch","Branch Chief",1,3
"128","Peter Celone","CEMM","CEMM-ACESD-IO","Atlantic Ecology","ACESD-Immediate Office","POS Chief",1,3
"129","Peter Egeghy","CCTE","CCTE-CCED-CETB","Chemical Characterization & Exposure","CCED-Computational Exposure & Toxicokinetics Branch","Branch Chief",1,3
"130","Ravi Subramanian","CPHEA","CPHEA-CPAD-TEAB/D","Chemical & Pollutant Assessment","CPAD-Toxic Effects Assessment Branch - DC","Branch Chief",1,3
"131","Rebecca Dodder","CEMM","CEMM-AMCD-CSB","Air Methods & Characterization","AMCD-Combustion Source Branch","Branch Chief",1,3
"132","Reeder Sams","CCTE","CCTE-IO","CCTE Immediate Office","CCTE Immediate Office","Deputy Center Director",3,1
"133","Regan Murray","CESER","CESER-WID-IO","Water Infrastructure","WID-Immediate Office","Division Director",2,2
"134","Richard Shores","CEMM","CEMM-AMCD-SFSB","Air Methods & Characterization","AMCD-Source & Fine Scale Branch","Branch Chief",1,3
"135","Rick Wilken","CESER","CESER-GCRD-SRB","Groundwater Characterization & Remediation","GCRD-Subsurface Remediation Branch","Branch Chief",NA,NA
"136","Ron Hines","CPHEA","CPHEA-IO","CPHEA Immediate Office","CPHEA Immediate Office","Associate Center Director",NA,NA
"137","Rusty Thomas","CCTE","CCTE-IO","CCTE Immediate Office","CCTE Immediate Office","Center Director",3,1
"138","Samantha Jones","CPHEA","CPHEA-IO","CPHEA Immediate Office","CPHEA Immediate Office","Associate Center Director",NA,NA
"139","Sandhya Parshionikar","CESER","CESER-IO-POS","CESER Immediate Office","CESER IO - Program Ops Staff","POS Chief",NA,NA
"140","Sean Dowd","OSIM","OSIM-AIMD","Applications & Information Management","OSIM-AIMD Overall","Division Director",2,2
"141","Shawn Ryan","CESER","CESER-HSMMD-IO","Homeland Security & Materials Management","HSMMD-Immediate Office","Division Director",2,2
"142","Sid Hunter","CCTE","CCTE-BCTD-AETMB","Biomolecular & Computational Toxicology","BCTD-Advanced Experimental Toxicology Models Branch","Branch Chief",1,3
"143","Sigmund Degitz","CCTE","CCTE-GLTED-STB","Great Lakes Ecology","GLTED-Systems Toxicology Branch","Branch Chief",1,3
"144","Stephanie Padilla","CCTE","CCTE-BCTD-RADB","Biomolecular & Computational Toxicology","BCTD-Rapid Assay Development Branch","Branch Chief",1,3
"145","Stephen Musson","CESER","CESER-IO-RPIS","CESER Immediate Office","CESER IO - Research Planning & Implementation Staff","RPIS Chief",3,1
"146","Stephen Thompson","CCTE","CCTE-IO-POS","CCTE Immediate Office","CCTE IO - Program Ops Staff","POS Chief",3,1
"147","Steve Van Horn","ORM","ORM-IO","ORM Immediate Office","ORM Immediate Office","Chief of Staff",1,3
"148","Stuart Willison","CESER","CESER-HSMMD-DCB","Homeland Security & Materials Management","HSMMD-Disaster Characterization Branch","Branch Chief",1,3
"149","Surender Kaushik","CEMM","CEMM-AMCD-AAB","Air Methods & Characterization","AMCD-Ambient Air Branch","Branch Chief",1,3
"150","Susan Burden","OSAPE","OSAPE-SPD-RSB","Science Policy","SPD-Regulatory Support Branch","Branch Chief",1,3
"151","Susan VanDrunick","IOAA","IOAA","Immediate Office of the Assistant Administrator","Immediate Office of the Assistant Administrator","National Program Director",NA,NA
"152","Tammy Stoker","CPHEA","CPHEA-PHITD-NETB","Public Health & Integrated Toxicology","PHITD-Neurological & Endocrine Toxicology Branch","Branch Chief",1,3
"153","Tanya Spero","CEMM","CEMM-AESMD-ADMB","Atmospheric & Environmental Systems Modeling","AESMD-Atmospheric Dynamics & Meteorology Branch","Branch Chief",NA,NA
"154","Ted Dewitt","CPHEA","CPHEA-PESD-PCEB","Pacific Ecological Systems","PESD-Pacific Coast Ecology Branch","Branch Chief",NA,NA
"155","Tia Groves","IOAA","IOAA","Immediate Office of the Assistant Administrator","Immediate Office of the Assistant Administrator","POS Chief",3,1
"156","Tim Gleason","CEMM","CEMM-ACESD-MAB","Atlantic Ecology","ACESD-Monitoring & Assessment Branch","Branch Chief",NA,NA
"157","Tim Watkins","CEMM","CEMM-IO","CEMM Immediate Office","CEMM Immediate Office","Center Director",3,1
"158","Todd Baker","ORM","ORM-RSCD-SHEMB","Research Support & Compliance","RSCD-Safety, Health & Environmental Management Branch","Branch Chief",1,3
"159","Tom Connolly","ORM","ORM-HCD-HCPMB","Human Capital","HCD-HC Planning & Mgmt Branch","Branch Chief",2,2
"160","Tom Scheitlin","OSIM","OSIM-IO","OSIM Immediate Office","OSIM Immediate Office","Associate Office Director",3,1
"161","Tom Speth","CESER","CESER-IO","CESER Immediate Office","CESER Immediate Office","Associate Center Director",3,1
"162","Vacant","CCTE","CCTE-SCDCD-DMMB","Scientific Computing & Data Curation","SCDCD-Data Management & Mining Branch","Branch Chief",NA,NA
"163","Vacant","CESER","CESER-GCRD-IO","Groundwater Characterization & Remediation","GCRD-Immediate Office","POS Chief",NA,NA
"164","Valerie Blank","OSAPE","OSAPE-ERPD-PB","Extramural Research & Partnerships","ERPD-Partnerships Branch","Branch Chief",1,3
"165","Van Anderson","CEMM","CEMM-IO-POS","CEMM Immediate Office","CEMM IO - Program Ops Staff","POS Chief",3,1
"166","Vickie Wilson","CPHEA","CPHEA-PHITD-RDTB","Public Health & Integrated Toxicology","PHITD-Reproductive & Developmental Toxicology Branch","Branch Chief",1,3
"167","Viktor Morozov","CPHEA","CPHEA-CPAD-QAB","Chemical & Pollutant Assessment","CPAD-Quantitative Assessment Branch","Branch Chief",1,3
"168","Wayne Cascio","CPHEA","CPHEA-IO","CPHEA Immediate Office","CPHEA Immediate Office","Center Director",3,1
"169","Wayne Munns","CEMM","CEMM-ACESD-IO","Atlantic Ecology","ACESD-Immediate Office","Division Director",2,2
"170","Will Yelverton","CEMM","CEMM-AESMD-NSCB","Atmospheric & Environmental Systems Modeling","AESMD-Natural Systems Characterization Branch","Branch Chief",NA,NA
"171","Yongshan Wan","CEMM","CEMM-GEMMD-EDEB","Gulf Ecology","GEMMD-Ecosystem Dynamics & Effects Branch","Branch Chief",1,3
"172","Yvonne Murphy","ORM","ORM-EMD-IO","Extramural Management","EMD-Immediate Office","Division Director",2,2
"173",NA,NA,NA,NA,NA,NA,NA,NA
"174",NA,"172","Total",NA,NA,NA,NA,NA
